Age,Predicted Strength
3,16.09472829585224
7,25.91654944622303
14,31.967690082074615
28,37.44645532122046
56,44.31176381916982
90,44.63799182936176
100,47.870489857898534
